pinyin,surname
Wáng,王
Lǐ,李
Zhāng,张
Liú,刘
Chén,陈
Yáng,杨
Huáng,黄
Zhào,赵
Wú,吴
Zhōu,周
Xú,徐
Sūn,孙
Mǎ,马
Zhū,朱
Hú,胡
Guō,郭
Hé,何
Gāo,高
Lín,林
Luó,罗
Zhèng,郑
Liáng,梁
Xiè,谢
Sòng,宋
Táng,唐
Xǔ,许
Hán,韩
Féng,冯
Dèng,邓
Cáo,曹
Péng,彭
Zēng,曾
Xiāo,萧
Tián,田
Dǒng,董
Yuán,袁
Pān,潘
Yú,于
Jiǎng,蒋
Cài,蔡
Yú,余
Dù,杜
Yè,叶
Chéng,程
Sū,苏
Wèi,魏
Lǚ,吕
Dīng,丁
Rén,任
Shěn,沈
Yáo,姚
Lú,卢
Jiāng,姜
Cuī,崔
Zhōng,钟
Tán,谭
Lù,陆
Wāng,汪
Fàn,范
Jīn,金
Shí,石
Liào,廖
Jiǎ,贾
Xià,夏
Wéi,韦
Fù,傅
Fāng,方
Bái,白
Zōu,邹
Mèng,孟
Xióng,熊
Qín,秦
Qiū,邱
Jiāng,江
Yǐn,尹
Xuē,薛
Yán,阎
Duàn,段
Léi,雷
Hóu,侯
Lóng,龙
Shǐ,史
Táo,陶
Lí,黎
Hè,贺
Gù,顾
Máo,毛
Hǎo,郝
Gōng,龚
Shào,邵
Wàn,万
Qián,钱
Yán,严
Tán,覃
Wǔ,武
Dài,戴
Mò,莫
Kǒng,孔
Xiàng,向
Tāng,汤
Kāng,康
Yì,易
Cháng,常
Qiáo,乔
Lài,赖
Wén,文
